{"2,32,25": [7.995545641581217, [113.52406511808697, 61.742373617071856, 44.307689365587734, 36.88814193324039, 33.35677914870413, 30.63349181727359, 31.751593389009173, 29.808605244285182, 28.5860182109632, 27.644915831716435, 26.945203178807308, 26.126755312869424, 24.452763657820853, 38.157583136307565, 32.08650518718519, 28.273044435601484, 23.56038118663587, 20.563379689266807, 19.650246168437757, 19.922299033717106, 20.815092086791992, 19.75211148512991, 20.210691452026367, 20.096812900743988, 18.61188060358951, 18.88064936587685, 18.92136493482088, 18.370630816409463, 18.767677282032214, 18.61929645036396]], "3,32,25": [9.265685892105102, [166.71529408505089, 71.75948795519378, 51.92129968342028, 49.73876129953485, 40.13608842147024, 37.65506362915039, 37.66392115542763, 35.974434300472865, 40.13862900984915, 35.54936519422029, 31.0955753326416, 31.557021542599326, 30.930499327810185, 32.29669119182386, 34.43204428020277, 29.963763387579668, 29.600370909038343, 28.774311467220908, 32.6407467189588, 30.116263740941097, 28.337264412327816, 28.08374450081273, 27.768801739341335, 27.94584163866545, 29.3370616812455, 27.082964445415296, 27.494403086210554, 27.423993662783975, 26.83598001379716, 29.836985738653887]], "2,32,50": [8.088606675465902, [211.69649264686987, 84.8039147226434, 62.09982992473402, 45.80893938164962, 37.08045698467054, 34.40285988857872, 30.99369013936896, 30.19086375989412, 30.511555069371273, 28.827917199385794, 28.167844170018245, 28.04812340987356, 27.200584913554945, 28.07972220370644, 27.460941967211273, 26.428413541693438, 25.84433495370965, 25.951136990597373, 25.620570684734144, 25.49763348228053, 25.040744932074297, 24.35228789480109, 24.318837416799443, 25.08269967530903, 24.273877846567256, 23.244084207635176, 23.26028070951763, 22.92166002173173, 22.38186469830965, 22.345565595124896]], "3,32,50": [8.083698058128357, [220.9645299409565, 71.06190571032073, 47.17953370746813, 41.163956792731035, 40.47682912726151, 37.40849680649607, 34.24621752688759, 34.324375805101894, 35.36602050379703, 34.630292189748666, 30.88625481254176, 29.259618658768503, 31.691498405054997, 29.8652141972592, 29.574417214644583, 29.76578632153963, 28.492992702283356, 29.392394768564326, 30.0659055207905, 28.087674743250798, 29.560471936276084, 27.33228161460475, 28.559148286518298, 26.904272380628083, 27.310796587090742, 29.42772308148836, 29.62900864450555, 26.76105152933221, 27.26776589845356, 27.229492388273542]], "2,32,100": [8.006282544136047, [211.64946867290297, 84.71092987060547, 61.81353870191072, 45.72573450991982, 36.886828372353, 33.12434708444696, 31.23423245078639, 31.572719323007686, 29.49949164139597, 28.75040686757941, 28.582821143300908, 28.011757499293278, 28.859490494979056, 27.423589857001055, 27.04293115515458, 26.940726230019017, 26.455043591951068, 26.288070829291094, 25.95320847159938, 25.764353852523, 25.42156646126195, 25.51075809880307, 24.6974458694458, 24.286979474519427, 23.534126382125052, 23.13639103738885, 22.46639347076416, 22.778120442440635, 22.334323230542633, 22.252843354877673]], "3,32,100": [7.875515556335449, [220.96807861328125, 71.36725877460681, 47.810528002287214, 44.63696479797363, 37.486794321160566, 36.360183916593854, 35.34716164438348, 33.54583946027254, 36.19255316884894, 33.49352625796669, 30.176787727757503, 30.443052843997354, 30.010754033138877, 33.622985086942975, 29.549410167493317, 28.678609195508454, 29.491614693089534, 27.89063825105366, 29.310454719945003, 29.049829934772692, 27.90883526049162, 30.012416187085602, 29.700507465161774, 28.95047714835719, 26.76189909483257, 26.904099062869424, 28.877850030597887, 26.954177454898232, 28.22902152412816, 28.191557934409694]]}