{"1,32": [6.71182476679484, [92.63471984863281, 58.182090759277344, 51.05170669555664, 49.26017761230469, 47.57956771850586, 46.67074813842773, 45.80816802978516, 45.33303298950195, 44.68516845703125, 44.414163970947264, 44.296163940429686, 43.73015213012695, 43.24689559936523, 42.91751480102539, 42.71629638671875, 42.5161849975586, 42.321920013427736, 42.12033309936523, 41.90849838256836, 41.80671081542969, 41.48017959594726, 41.455073547363284, 41.45417785644531, 41.237037658691406, 41.100476837158205, 41.06671981811523, 41.053828430175784, 40.90081100463867, 40.82514266967773, 40.80555114746094]], "1,64": [6.918313543001811, [88.46867523193359, 58.880174255371095, 52.02037124633789, 49.59053726196289, 47.85999221801758, 46.736235809326175, 45.758802795410155, 45.037732696533205, 44.19419174194336, 43.53841934204102, 42.87966613769531, 42.356974029541014, 41.88265380859375, 41.52345657348633, 41.28425521850586, 41.10011672973633, 41.025953674316405, 40.733621978759764, 40.5163818359375, 40.43647079467773, 40.161346435546875, 40.11470718383789, 40.11552505493164, 39.93864364624024, 39.94019622802735, 39.994902801513675, 39.90627822875977, 39.80110855102539, 39.72598419189453, 39.67598648071289]], "2,32": [9.312953273455301, [140.29572448730468, 110.4760238647461, 91.9915786743164, 83.58323364257812, 75.28921051025391, 65.85408096313476, 55.55426559448242, 49.978180694580075, 44.8772575378418, 39.60411148071289, 35.96235809326172, 33.120751571655276, 31.681095123291016, 30.97255516052246, 28.759826278686525, 27.314556121826172, 26.352624893188477, 25.824374389648437, 25.18336181640625, 24.580429077148438, 24.05251350402832, 23.564766311645506, 23.587179946899415, 23.070681381225587, 22.96668243408203, 23.48114356994629, 21.929568099975587, 22.98313331604004, 22.241170501708986, 22.30654373168945]], "2,64": [16.220271984736126, [124.25721893310546, 100.28298645019531, 91.0424072265625, 80.68925476074219, 74.72737274169921, 68.54922332763672, 60.88099975585938, 54.64442901611328, 49.648624420166016, 45.23415908813477, 41.55873260498047, 38.37748413085937, 35.64743881225586, 33.178591918945315, 32.772530746459964, 30.712491607666017, 29.09301643371582, 27.911982345581055, 27.223513412475587, 26.343770599365236, 25.54422378540039, 25.116579818725587, 24.621702575683592, 23.970185852050783, 23.480767059326173, 23.63583984375, 22.98143539428711, 22.68752670288086, 22.40080871582031, 21.99435501098633]], "3,32": [10.245744442939758, [144.04851989746095, 121.72943420410157, 110.48228759765625, 96.70335540771484, 81.39969482421876, 72.83882598876953, 66.1412124633789, 60.58987731933594, 55.63190841674805, 50.77169418334961, 47.03554916381836, 43.383749389648436, 40.19710464477539, 37.986751556396484, 35.87745666503906, 33.901065063476565, 32.20447196960449, 30.889654922485352, 29.813469314575194, 29.02189483642578, 28.172788619995117, 27.900343704223634, 27.04685821533203, 26.323174285888673, 26.376301956176757, 25.630674362182617, 24.819701766967775, 25.293637466430663, 24.132465744018553, 23.951994705200196]], "3,64": [17.92595005830129, [2930.0629699707033, 150.2129333496094, 148.4690155029297, 144.0926971435547, 140.09917907714845, 134.259423828125, 123.35794677734376, 107.01603393554687, 91.73970947265624, 81.00618286132813, 71.25652923583985, 65.74723052978516, 60.86029968261719, 58.83183212280274, 53.75423355102539, 48.07139892578125, 44.331155395507814, 41.4045295715332, 39.33646697998047, 37.34296646118164, 35.400821685791016, 33.900369262695314, 33.348822021484374, 31.542400741577147, 31.202974700927733, 30.48192138671875, 29.650181579589844, 28.757819366455077, 27.80408477783203, 27.575251388549805]], "4,32": [10.133618466059367, [155.29634704589844, 145.3312194824219, 137.19786682128907, 131.48546447753907, 123.81597442626953, 112.95846862792969, 97.97799224853516, 87.34897308349609, 78.85586853027344, 72.1830551147461, 66.30273895263672, 61.01434478759766, 56.52143478393555, 52.74603042602539, 49.484911346435545, 46.7810775756836, 44.25900726318359, 42.04575042724609, 40.03659591674805, 38.298457336425784, 37.20573272705078, 35.75520401000976, 34.51147308349609, 33.391503143310544, 32.49723663330078, 31.747182846069336, 31.245989990234374, 30.52946662902832, 29.71724967956543, 29.36984176635742]], "4,64": [17.952734462420146, [13070.372076416015, 154.6439208984375, 144.31059875488282, 139.47295837402345, 142.83912048339843, 129.51495819091798, 109.35470428466797, 76.17734832763672, 58.15738372802734, 55.3125602722168, 59.26879348754883, 44.049947357177736, 43.5503547668457, 41.8947639465332, 37.629093170166016, 36.88517608642578, 33.02313117980957, 31.24305953979492, 29.74343795776367, 29.06452331542969, 28.37405014038086, 27.65095329284668, 27.218424606323243, 27.323252868652343, 27.481272506713868, 25.631883239746095, 27.785328674316407, 27.314189910888672, 29.911963653564452, 34.3030818939209]], "5,32": [10.165281454722086, [155.71189575195314, 155.71177673339844, 155.7118408203125, 155.71182250976562, 155.71184997558595, 155.7117492675781, 155.71176147460938, 155.71172485351562, 155.71188659667968, 155.7118682861328, 155.71185302734375, 155.71185607910155, 155.71184387207032, 155.7117889404297, 155.71185302734375, 155.7118682861328, 155.7118347167969, 155.71186218261718, 155.71182250976562, 155.7118682861328, 155.7117462158203, 155.71185302734375, 155.71185607910155, 155.7118347167969, 155.711865234375, 155.71183166503906, 155.71188049316407, 155.7118377685547, 155.71187744140624, 155.71165161132814]], "5,64": [18.339521749814352, [155.71189575195314, 155.71177673339844, 155.7118408203125, 155.71182250976562, 155.71184997558595, 155.7117492675781, 155.71176147460938, 155.71172485351562, 155.71188659667968, 155.7118682861328, 155.71185302734375, 155.71185607910155, 155.71184387207032, 155.7117889404297, 155.71185302734375, 155.7118682861328, 155.7118347167969, 155.71186218261718, 155.71182250976562, 155.7118682861328, 155.7117462158203, 155.71185302734375, 155.71185607910155, 155.7118347167969, 155.711865234375, 155.71183166503906, 155.71188049316407, 155.7118377685547, 155.71187744140624, 155.71165161132814]]}