{"1,4": [6.586507868766785, [119.86585693359375, 71.62616882324218, 57.36143493652344, 52.73775405883789, 50.44563598632813, 49.19762191772461, 47.61673126220703, 46.979776000976564, 46.23065719604492, 45.796818542480466, 45.407466125488284, 45.10911560058594, 44.758898162841795, 44.49137573242187, 44.23296890258789, 43.990708923339845, 43.73202362060547, 43.47725601196289, 43.21266632080078, 43.07197952270508, 42.667728424072266, 42.59295654296875, 42.57632751464844, 42.34994049072266, 42.20378875732422, 42.13644027709961, 42.08884201049805, 41.9168701171875, 41.80000762939453, 41.75653839111328]], "1,8": [6.586618749300639, [99.47498626708985, 56.273155975341794, 52.99357299804687, 48.82014846801758, 48.37613525390625, 46.6766357421875, 46.25408401489258, 45.78227615356445, 45.21807174682617, 44.97126388549805, 44.5754753112793, 44.29331970214844, 43.915373992919925, 43.62699584960937, 43.36727523803711, 43.105847930908205, 42.856040954589844, 42.57135009765625, 42.31905670166016, 42.178252410888675, 41.781185913085935, 41.72509002685547, 41.68821487426758, 41.45039672851563, 41.31651153564453, 41.274026489257814, 41.189398193359374, 41.048316955566406, 40.95073471069336, 40.91673202514649]], "1,12": [6.6066405296325685, [96.69454193115234, 67.21086273193359, 55.321826171875, 50.93243255615234, 49.42475204467773, 47.99103546142578, 47.08029327392578, 46.57842864990234, 45.9526252746582, 45.59420623779297, 45.09258270263672, 44.74865646362305, 44.30098648071289, 43.957567596435545, 43.67263412475586, 43.39143371582031, 43.084502410888675, 42.74892120361328, 42.44907073974609, 42.31100769042969, 41.89269104003906, 41.78580780029297, 41.71298446655273, 41.50514907836914, 41.330450439453124, 41.28514022827149, 41.17170944213867, 41.017365264892575, 40.90785598754883, 40.88034210205078]], "2,4": [7.263132866223653, [130.4121887207031, 86.60436706542968, 81.48786163330078, 78.55552825927734, 74.70735778808594, 67.74643249511719, 59.982015991210936, 55.24274520874023, 51.28462219238281, 48.32299728393555, 45.13934097290039, 42.08822021484375, 39.66076126098633, 38.23774719238281, 36.6408073425293, 35.400027465820315, 34.14043960571289, 33.12904739379883, 33.18102951049805, 32.42071647644043, 31.5284065246582, 30.601782989501952, 29.98912124633789, 29.71269416809082, 28.851667404174805, 28.97270278930664, 30.275751876831055, 28.836914443969725, 28.161193084716796, 27.66942443847656]], "2,8": [7.489059742291769, [133.9245849609375, 94.04569702148437, 83.99110565185546, 80.00409240722657, 75.35693817138672, 71.0464599609375, 63.99400100708008, 58.12680282592773, 55.02199935913086, 50.716636657714844, 47.82683563232422, 44.85856170654297, 42.545735931396486, 41.00926666259765, 38.96578598022461, 37.240362548828124, 35.6555908203125, 34.263414001464845, 33.1329460144043, 32.20292625427246, 31.665459823608398, 30.62712516784668, 30.1257625579834, 30.37889518737793, 29.38918342590332, 28.717582321166994, 28.323711013793947, 27.784320068359374, 27.315732192993163, 27.00345458984375]], "2,12": [7.75023984114329, [139.47216796875, 104.64364318847656, 87.4773193359375, 78.62661285400391, 72.67963409423828, 62.97249221801758, 57.036860656738284, 51.13243103027344, 44.4063117980957, 39.624210357666016, 36.66748809814453, 34.11466827392578, 32.37680015563965, 30.707844543457032, 29.063439178466798, 28.885145568847655, 27.102497100830078, 26.501491165161134, 26.273445892333985, 25.1196647644043, 24.85918731689453, 25.305000686645506, 24.81421661376953, 24.281640243530273, 23.3659309387207, 23.24339485168457, 22.87337417602539, 23.553731536865236, 22.497455215454103, 22.698152923583983]], "3,4": [7.364257049560547, [153.99918212890626, 131.28044586181642, 124.19857788085938, 114.52916870117187, 109.13405914306641, 104.71405792236328, 98.3027130126953, 87.17681121826172, 76.65931854248046, 71.89892578125, 67.37055969238281, 63.30954513549805, 59.816246032714844, 56.61063919067383, 53.55891799926758, 50.6595962524414, 48.12362899780273, 46.58454208374023, 44.50057830810547, 42.97583541870117, 41.51706161499023, 40.381103515625, 39.275264739990234, 38.57195205688477, 37.37944564819336, 37.103956604003905, 37.28915863037109, 35.58485717773438, 34.75546722412109, 34.031439208984374]], "3,8": [7.7018019994099935, [150.12652893066405, 126.47030639648438, 103.39723358154296, 81.1334014892578, 73.34529724121094, 63.76657409667969, 59.318060302734374, 52.94909591674805, 48.062618255615234, 44.53564987182617, 43.04826736450195, 39.846797943115234, 36.59346923828125, 37.8779182434082, 46.20554885864258, 47.47858810424805, 40.72224502563476, 36.494071578979494, 32.79701271057129, 32.33912200927735, 29.693089294433594, 29.326105499267577, 29.12495994567871, 29.351213455200195, 28.870009231567384, 28.103890228271485, 28.741741180419922, 28.18741340637207, 27.1087215423584, 27.519873428344727]], "3,12": [8.043717376391093, [156.93194274902345, 155.08192443847656, 155.45571899414062, 153.40630187988282, 139.48853149414063, 130.71519317626954, 125.46438140869141, 120.39087371826172, 114.9658706665039, 106.93074188232421, 95.61192626953125, 80.5055145263672, 71.0509521484375, 65.28769912719727, 59.90581588745117, 56.11423110961914, 56.858194732666014, 51.9974479675293, 47.32066879272461, 44.8067512512207, 41.98749618530273, 39.846717071533206, 38.16906967163086, 36.61270446777344, 35.362857055664065, 34.354225158691406, 33.26302261352539, 32.30325431823731, 31.29112548828125, 30.674560928344725]], "4,4": [7.368047428131104, [155.71189575195314, 155.71177673339844, 155.7118408203125, 155.71182250976562, 155.71184997558595, 155.7117492675781, 155.71176147460938, 155.71172485351562, 155.71188659667968, 155.7118682861328, 155.71185302734375, 155.71185607910155, 155.71184387207032, 155.7117889404297, 155.71185302734375, 155.7118682861328, 155.7118347167969, 155.71186218261718, 155.71182250976562, 155.7118682861328, 155.7117462158203, 155.71185302734375, 155.71185607910155, 155.7118347167969, 155.711865234375, 155.71183166503906, 155.71188049316407, 155.7118377685547, 155.71187744140624, 155.71165161132814]], "4,8": [7.717350427309672, [153.56365661621095, 154.1423095703125, 153.29266967773438, 140.71847534179688, 133.78236694335936, 126.11480865478515, 112.48727264404297, 97.6794418334961, 81.94446411132813, 73.71990051269532, 65.61777114868164, 57.70263900756836, 52.05810317993164, 47.51001815795898, 45.710533142089844, 43.516990661621094, 46.44974975585937, 41.81436996459961, 38.4075065612793, 36.109858703613284, 34.96889038085938, 33.55489044189453, 32.59480438232422, 31.686660766601562, 31.01128807067871, 30.396615982055664, 29.808747863769533, 29.26061248779297, 28.790975189208986, 28.52298355102539]], "4,12": [8.019268504778545, [155.54690246582032, 147.98190612792968, 137.62862854003907, 131.47884521484374, 125.99033660888672, 118.04994354248046, 106.23755645751953, 92.71295623779297, 84.19897918701172, 75.83853759765626, 69.7684112548828, 64.61834030151367, 59.70847930908203, 55.58781127929687, 52.11894760131836, 49.10173110961914, 46.52519836425781, 44.41022644042969, 42.55962905883789, 40.96608352661133, 39.52220993041992, 38.24093017578125, 37.23357925415039, 36.1157730102539, 35.272509002685545, 34.44342575073242, 33.72002029418945, 33.0062873840332, 32.69955749511719, 31.9369327545166]], "5,4": [7.384210793177287, [155.68142700195312, 155.66300354003906, 155.62259216308593, 151.72329711914062, 143.91561889648438, 141.84473876953126, 137.0182647705078, 133.5084655761719, 130.39500427246094, 127.06658935546875, 123.13980102539062, 118.40609130859374, 111.95237579345704, 103.5204345703125, 92.7956771850586, 82.53040771484375, 74.60688781738281, 67.6155990600586, 61.91869964599609, 57.24631958007812, 53.04783477783203, 49.625300598144534, 46.8630615234375, 44.438819885253906, 42.791045379638675, 41.05034561157227, 39.39053802490234, 38.05894393920899, 36.936038970947266, 36.74416046142578]],