{"10": [11.23525149822235, [157.3454121907552, 133.65197092692057, 74.31835174560547, 46.35602010091146, 34.84018821716309, 28.623581314086913, 25.53305155436198, 23.77599614461263, 22.4530818939209, 21.234851582845053, 20.92053565979004, 19.86261380513509, 19.602813148498534, 19.468173853556316, 18.75685125986735, 18.783629099527996, 18.547141075134277, 19.540908432006837, 17.783074315388998, 18.846221669514975, 17.360565376281738, 17.465984090169272, 18.793028767903646, 17.70168056488037, 17.714755376180012, 17.530144119262694, 17.182668495178223, 16.529397519429526, 16.30423666636149, 16.400724283854167, 16.529284858703612, 16.334380022684734, 17.390546226501463, 18.394114557902018, 17.60867951711019, 17.249407450358074, 17.09790147145589, 16.854215876261392, 16.771528307596842, 16.59171543121338]], "25": [11.243299984931946, [148.39895629882812, 85.04213740030924, 43.71887741088867, 31.09572105407715, 26.9146245320638, 26.240281295776366, 22.156363932291665, 20.9029483795166, 19.9189094543457, 19.625249354044595, 19.42526404062907, 19.30657869974772, 17.857105827331544, 19.455137062072755, 26.300433349609374, 29.55785566965739, 19.21101048787435, 17.098693784077962, 16.848478889465333, 16.888674290974937, 17.753202056884767, 17.788817850748696, 17.66816832224528, 17.515948740641274, 17.405528895060222, 17.321274058024088, 17.208988253275553, 17.16297105153402, 17.045553652445474, 17.028777503967284, 16.899389203389486, 16.888643646240233, 16.78755416870117, 16.717599614461264, 16.629187393188477, 16.500082397460936, 16.26253407796224, 16.23318271636963, 15.988917223612468, 16.668880526224772]], "50": [11.398413592576981, [124.9728006998698, 93.62464447021485, 67.25755208333334, 48.56924947102865, 40.1001828511556, 34.452293395996094, 30.043352381388345, 27.481174850463866, 26.079768498738606, 25.043247985839844, 24.458132807413737, 23.300649897257486, 22.00779774983724, 20.964879099527995, 20.556384658813478, 19.999108378092448, 19.503791936238606, 19.10285415649414, 18.82525914510091, 18.689400927225748, 19.735790952046713, 19.949103800455728, 18.60360450744629, 18.120472844441732, 17.517554473876952, 17.390773836771647, 17.19660129547119, 17.127079010009766, 16.929196230570476, 17.138728459676106, 17.50647741953532, 18.196594365437825, 17.766791343688965, 17.71724662780762, 16.81022357940674, 16.406612141927084, 16.274045117696126, 16.183318646748862, 16.08604227701823, 15.985837491353353]], "100": [11.372466427087783, [124.75551350911458, 86.38139038085937, 56.59128239949544, 41.611558278401695, 34.787408447265626, 30.227833557128907, 27.20180066426595, 25.84123446146647, 24.052426274617513, 22.984432729085288, 21.713283030192056, 21.225562795003256, 20.759325408935545, 19.985680898030598, 20.565431340535483, 20.421476554870605, 19.785601870218912, 18.455218760172524, 18.313581466674805, 17.86287301381429, 17.583715629577636, 17.44530455271403, 17.553257815043132, 18.462363942464194, 18.696895535786947, 17.231047248840333, 16.71972599029541, 16.69188378651937, 16.64587262471517, 16.6865790049235, 16.376340738932292, 16.655783780415852, 16.633279291788735, 16.995163345336913, 16.576720428466796, 16.59386781056722, 16.15286095937093, 16.764944330851236, 16.477834192911782, 16.802414830525716]], "200": [11.33816202878952, [157.70709940592448, 108.51539866129558, 53.75648422241211, 33.41899045308431, 27.458422088623045, 25.56618334452311, 24.351747385660808, 26.479451115926107, 35.27594362894694, 36.3174690246582, 25.23941968282064, 20.824207433064778, 19.903147570292155, 19.031722005208334, 19.007746251424155, 18.7973534266154, 18.792967160542805, 19.33326791127523, 18.507420158386232, 17.82172794342041, 17.707732836405437, 18.823085912068684, 17.794757080078124, 19.338801447550455, 17.413487561543782, 17.926230303446452, 17.106028366088868, 19.374988555908203, 31.941482671101888, 23.347738138834636, 27.48350823720296, 17.335332425435386, 16.98242645263672, 16.836187998453777, 16.527957471211753, 17.47574100494385, 17.70629825592041, 16.7478941599528, 16.324249585469563, 17.648705164591473]], "500": [11.90346313714981, [130.03892211914064, 83.88011423746745, 47.334224446614584, 34.446943537394205, 29.271479670206705, 29.319595464070638, 26.39070790608724, 24.735267130533853, 21.786799748738606, 20.946694056193035, 20.376453653971353, 19.517165756225587, 19.21904729207357, 19.105213356018066, 18.71443297068278, 18.194826634724937, 17.8807580947876, 18.755270195007324, 18.0312983194987, 17.778061230977375, 17.086693827311198, 16.854203287760416, 16.698691622416177, 16.692912356058756, 16.90221207936605, 17.65980993906657, 16.502413686116537, 18.5323460261027, 24.242139307657876, 17.120299021402996, 16.382482782999674, 16.121771367390952, 16.185231399536132, 16.159590212504067, 16.098626708984376, 16.04793898264567, 16.01759433746338, 16.00394198099772, 15.97741731007894, 15.942611567179362]], "None": [16.423647463321686, [100.2688501993815, 72.16681569417318, 54.48595352172852, 37.27139409383138, 29.564540481567384, 24.991223017374676, 22.930236434936525, 21.485690053304037, 19.89936701456706, 22.110327402750652, 19.297947311401366, 18.901718393961588, 17.46220219930013, 17.70987720489502, 15.925000317891438, 15.203575897216798, 14.509680684407552, 14.848928070068359, 14.618293952941894, 14.721026674906414, 13.795453198750813, 14.549130694071453, 15.034529304504394, 16.176995086669923, 15.22607390085856, 13.37060407002767, 12.935467465718586, 12.633595911661784, 12.319507535298666, 12.684498914082845, 12.272142537434895, 12.018609301249187, 12.59496332804362, 19.135883458455403, 24.71298491160075, 22.075228118896483, 15.82608731587728, 12.444185956319172, 11.115845870971679, 10.599436887105306]]}

